Workbook

Sheet ISSUE TRACKING
A1: ISSUE TRACKING — QUẢN LÝ LỖI & YÊU CẦU CẢI TIẾN
A2: Theo dõi Issue trong quá trình SIT / UAT / Retest
A4: Issue ID | B4: Ngày ghi nhận | C4: Module / Chức năng | D4: Màn hình | E4: Loại Issue | F4: Mức độ | G4: Mô tả Issue | H4: Bước | I4: Kết quả mong muốn | J4: Ảnh / Video lỗi | K4: Người ghi nhận | L4: Người xử lý | M4: Trạng thái | N4: Ngày hoàn thành | O4: Kết quả Retest | P4: Ghi chú
A5: 1 | B5: 24/8/2026 | C5: Tạo mới NPP thuộc đội | D5: NPP thuộc đội | E5: Bug | F5: Critical | G5: Nút tạo mới chưa dùng được | I5: Chọn tạo mới và mở ra màn hình tạo mới thông tin NPP thuộc đội | K5: TGiang | L5: Tính | M5: Resolved | N5: 27/08 | O5: Pass | P5: Cẩn đổi tên chức năng sang tiếng việt => đã đổi
A6: 2 | B6: 24/8/2026 | C6: xem chi tiết các NPP thuộc đội | D6: NPP thuộc đội | E6: Bug | F6: Critical | G6: Không xem được chi tiết | I6: chọn xem chi tiết thì hiện vào chi tiết thông tin của line đó | K6: TGiang | L6: Tính | M6: Resolved | N6: 31/08 | O6: Pass
A7: 3 | B7: 24/8/2026 | C7: Tạo mới nhóm sản phẩm SKU | D7: Tạo mới nhóm Sản phẩm SKU | E7: Bug | F7: High | G7: Hiện lỗi Forbidden khi vào màn hình tạo mới, chọn chọn dữ liệu Role NPP thì hiện lỗi, trường hợp vừa admin + NPP thì mới k có lỗi này | I7: Mất popup lỗi, cho lưu phiếu thành công | K7: TGiang | L7: Tính | M7: Resolved | P7: chưa phần quyền Nhóm sp, là master dât liên quan
A8: 4 | B8: 24/8/2026 | C8: Xem trước đơn đặt hàng | D8: Đơn hàng nhà phân phối | E8: Bug | F8: Medium | G8: Nút "Xem trước đơn đặt hàng" hiện tại đang không hoạt động | H8: 1. Chọn Đơn hàng nhà phân phối 2. Chọn đơn hàng bất kỳ và Chọn Xem trước đơn đặt hàng | I8: Khi click vào hệ thống cho Xem trước hóa đơn trên Web | K8: Hào | L8: Đăng | M8: Closed | N8: 31/08/2026 | O8: Pass
A9: 5 | B9: 24/8/2026 | C9: Bộ lọc nâng cao (Lọc trạng thái đơn hàng) | D9: Đơn hàng nhà phân phối | E9: UI/UX | F9: Low | G9: Lỗi hiển thị sai vị trí danh sách dropdown của trường "Trạng thái" | H9: 1. Chọn Đơn hàng nhà phân phối 2. Chọn Bộ lọc và Chọn Trạng thái | I9: Khi click vào trường "Trạng thái", danh sách các lựa chọn (dropdown list) phải xổ xuống ngay vị trí bên dưới ô nhập liệu "Trạng thái" | K9: Hào | L9: Đăng | M9: Closed | N9: 31/08/2026 | O9: Pass
A10: 6 | B10: 24/8/2026 | C10: Xem trước đơn đặt hàng | D10: Duyệt đơn hàng nhà phân phối | E10: Bug | F10: Medium | G10: Nút "Xem trước đơn đặt hàng" hiện tại đang không hoạt động | H10: 1. Chọn Duyệt đơn hàng nhà phân phối 2. Chọn đơn hàng bất kỳ và Chọn Xem trước đơn đặt hàng | I10: Khi click vào hệ thống cho Xem trước hóa đơn trên Web | K10: Hào | L10: Đăng | M10: Closed | N10: 31/08/2026 | O10: Pass | P10: Preview giống bên SalesOrders
A11: 7 | B11: 25/8/2026 | C11: Tính giá, tính KM | D11: Đơn hàng nhà phân phối | E11: Logic | F11: Critical | G11: Với Nhóm sản phẩm SKU có nhiều mã sản phẩm thì hiện chỉ tính giá, km dựa trên 1 sản phẩm có item code vesion mới nhất | I11: sau khi chọn nhóm sản phẩm SKU thì nhấn vào chi tiết mã nhóm đó thì hiện popup các line mã sp thuộc nhóm để chọn số lượng, rồi nhấn OK thì lưu các chi tiết đó lại. Rồi nhấn tính giá thì tính dựa vào các chi tiết đó Tổng cộng với nhau | K11: Giang | L11: Tính | M11: Open
A12: 8 | B12: 25/8/2026 | C12: Import Đơn hàng NPP | D12: Đơn hàng nhà phân phối | E12: Bug | F12: Critical | G12: Đã điền đủ và đúng các trường thông tin trong file template nhưng khi import vẫn bị báo lỗi | H12: 1. Tại màn hình Đơn hàng nhà phân phối chọn xuất template 2. Điền đầy đủ các trường thông tin trong file excel 3. Tại màn hình Đơn hàng nhà phân phối chọn Import và tải file excel vừa điền | I12: Sau khi đã điền đầy đủ và đúng các trường thông tin trong file template thì hệ thống import các đơn hàng ở trong file và hiển thị thông báo tạo đơn hàng thành công | K12: Hào | L12: Tính | M12: Closed | N12: 31/08 | O12: Pass
A13: 9 | B13: 25/8/2026 | C13: Import NPP thuộc đội | D13: NPP thuộc đội | E13: Bug | F13: Critical | G13: Hệ thống hiển thị thông báo import thành công nhưng danh sách lại không hiển thị các dòng dữ liệu mới thêm | I13: Sau khi nhấn import hệ thống hiển thị thông báo import thành công và danh sách có thêm dòng dữ liệu vừa được thêm từ file excel | K13: Hào | L13: Đăng | M13: Closed | N13: 31/08 | O13: Pass
A14: 10 | B14: 25/8/2026 | C14: Xem trước đơn đặt hàng | D14: Đơn hàng nhà phân phối | E14: UI/UX | F14: Medium | G14: Đơn hàng NPP ở trạng thái hủy vẫn hiển thị button Xem trước đơn đặt hàng | I14: Khi đơn hàng NPP ở trạng thái Hủy thì ẩn button Xem trước đơn đặt hàng | K14: Hào | L14: Tính | M14: Closed | N14: 31/08 | O14: Pass
A15: 11 | B15: 27/8/2026 | C15: Field Ngày đặt hàng | D15: Tạo mới đơn hàng NPP | E15: UI/UX | F15: Medium | G15: Lỗi hiển thị sai vị trí bảng chọn ngày của field ngày đặt hàng | I15: Khi click vào field ngày đặt hàng, bảng chọn ngày phải xổ xuống ngay vị trí bên dưới field Ngày đặt hàng | K15: Hào | L15: Tính | M15: Open
A16: 12 | B16: 27/8/2026 | C16: Lưu đơn hàng | D16: Tạo mới đơn hàng NPP | E16: Bug | F16: Critical | G16: Khi đơn hàng đã được tính giá hoặc tính KM, nếu user thay đổi ngày đặt hàng thì lúc lưu đơn hàng chưa có yêu cầu tính lại giá và KM | H16: 1. Tạo mới đơn hàng NPP 2. Điền thông tin header đơn hàng và thêm sản phẩm 3. Tính giá và tính KM đơn hàng 4. Thay đổi ngày đặt hàng (Tương lai hoặc quá khứ) 5. Nhấn lưu | I16: Khi nhấn lưu hệ thống phải hiển thị thông báo " Vui lòng tính lại giá và khuyến mại do có sự thay đổi ngày đặt hàng " và giữ nguyên trạng thái của đơn hàng. | K16: Hào | L16: Tính | M16: Closed | N16: 46090 | O16: Pass
A17: 13 | B17: 27/8/2026 | C17: Duyệt đơn hàng NPP | D17: Thông tin chi tiết đơn hàng | E17: Logic | F17: Critical | G17: Khi đăng nhập account với phân quyền role NPP khi vào đơn hàng có trạng thái chờ xác nhận vẫn có thể thực hiện Duyệt đơn hàng được. | I17: Khi đăng nhập hệ thống với phân quyền role NPP thì không thể thực hiện duyệt đơn hàng NPP | K17: Hào | L17: Tính | M17: Open
A18: 14 | B18: 27/8/2026 | C18: Trả CKTM của đơn hàng NPP | D18: Tạo mới đơn hàng NPP | E18: Logic | F18: Critical | G18: Khi tạo mới một đơn hàng NPP mới và chỉnh sửa ngày đặt hàng là ngày quá khứ và thực hiện trả CKTM thì hệ thống hiển thị cảnh báo Ngày giao dịch kho đã khóa | H18: 1. Tạo mới một đơn hàng NPP 2. Điền thông tin header đơn hàng và chỉnh sửa ngày đặt hàng thành ngày quá khứ 3. Nhấn lưu và chọn CKTM | I18: Khi chỉnh sửa ngày đặt hàng là quá khứ và chọn CKTM thì hệ thống vẫn hiển thị popup các chương trình CKTM | K18: Hào | L18: Tính | M18: Open
A19: 15 | B19: 31/8/2026 | C19: Sao chép đơn hàng | D19: Đơn hàng nhà phân phối | E19: Logic | F19: Critical | G19: Khi sao chép một đơn hàng nếu sao chép đơn hàng trong quá khứ thì lại sao chép cả giá và khuyến mãi | H19: 1. Chọn Đơn hàng nhà phân phối 2. Chọn đơn hàng bất kỳ và Chọn Sao chép đơn hàng | I19: Khi sao chép một đơn hàng, hệ thống sẽ sao chép toàn bộ thông tin header đơn hàng và lưới danh sách sản phẩm. Tuy nhiên: + Đơn hàng ngày quá khứ: Không sao chép giá và KM + Đơn hàng ngày hiện tại: Sao chép cả giá và KM | K19: Hào | M19: Open
A20: 16 | B20: 03/09/2026 | C20: Quay lại | D20: Thông tin chi tiết NPP thuộc đội | E20: UI/UX | F20: High | G20: Khi nhấn quay lại, hệ thống lại tạo một tab NPP thuộc đội mới | H20: 1. Tại màn hình NPP thuộc đội, chọn xem chi tiết một dòng dữ liệu bất kỳ 2. Chọn Quay lại | I20: Khi nhấn quay lại, hệ thống quay lại tab NPP thuộc đội cũ không tạo một tab mới | K20: Hào | M20: Open
A21: 17 | B21: 03/09/2026 | C21: Import NPP thuộc đội | D21: NPP thuộc đội | E21: Logic | F21: Critical | G21: 2 field Ngày bắt đầu và Ngày kết thúc có note định dạng là (dd/MM/yyyy) nhưng khi nhập thì định dạng theo (MM/dd/yyyy) | I21: 2 field Ngày bắt đầu và Ngày kết thúc nhập ngày là bao nhiêu thì đều phải định dạng theo (dd/MM/yyyy) | K21: Hào | M21: Open
A22: 18 | B22: 03/09/2026 | C22: Import NPP thuộc đội | D22: NPP thuộc đội | E22: Logic | F22: Medium | G22: Khi thêm mới khách hàng bằng Import file template, dữ liệu khách hàng được thêm thành công vào lưới "Danh sách NPP" trong màn hình chi tiết. Tuy nhiên, feild "Số lượng khách hàng" không được cộng dồn. | I22: Khi import thành công, hệ thống phải tự động cộng dồn số lượng khách hàng từ file vào số lượng hiện có, và cập nhật đồng bộ hiển thị ở cả 2 màn hình (danh sách & chi tiết). | K22: Hào | M22: Open
A23: 19 | B23: 03/09/2026 | C23: Import NPP thuộc đội | D23: NPP thuộc đội | E23: Requirement | F23: Critical | I23: File template của NPP thuộc đội thêm một cột mã chứng từ | K23: Hào | M23: Open
A24: =IF(G24="","","ISS-"&TEXT(ROW()-4,"000"))
A25: =IF(G25="","","ISS-"&TEXT(ROW()-4,"000"))
A26: =IF(G26="","","ISS-"&TEXT(ROW()-4,"000"))
A27: =IF(G27="","","ISS-"&TEXT(ROW()-4,"000"))
A28: =IF(G28="","","ISS-"&TEXT(ROW()-4,"000"))
A29: =IF(G29="","","ISS-"&TEXT(ROW()-4,"000"))
A30: =IF(G30="","","ISS-"&TEXT(ROW()-4,"000"))
A31: =IF(G31="","","ISS-"&TEXT(ROW()-4,"000"))
A32: =IF(G32="","","ISS-"&TEXT(ROW()-4,"000"))
A33: =IF(G33="","","ISS-"&TEXT(ROW()-4,"000"))
A34: =IF(G34="","","ISS-"&TEXT(ROW()-4,"000"))
A35: =IF(G35="","","ISS-"&TEXT(ROW()-4,"000"))
... A204: =IF(G204="","","ISS-"&TEXT(ROW()-4,"000"))

Sheet DASHBOARD
A1: ISSUE DASHBOARD
A3: Tổng Issue | C3: Open | E3: In Progress | G3: Closed
A4: =COUNTIF('ISSUE TRACKING'!$G$5:$G$204,"<>") -> 18 | C4: =COUNTIF('ISSUE TRACKING'!$M$5:$M$204,"Open") -> 9 | E4: =COUNTIF('ISSUE TRACKING'!$M$5:$M$204,"In Progress") -> 0 | G4: =COUNTIF('ISSUE TRACKING'!$M$5:$M$204,"Closed") -> 7
A7: Mức độ | B7: Số lượng | D7: Trạng thái | E7: Số lượng
A8: Critical | B8: =COUNTIF('ISSUE TRACKING'!$F$5:$F$204,A8) -> 11 | D8: Open | E8: =COUNTIF('ISSUE TRACKING'!$M$5:$M$204,D8) -> 9
A9: High | B9: =COUNTIF('ISSUE TRACKING'!$F$5:$F$204,A9) -> 2 | D9: In Progress | E9: =COUNTIF('ISSUE TRACKING'!$M$5:$M$204,D9) -> 0
A10: Medium | B10: =COUNTIF('ISSUE TRACKING'!$F$5:$F$204,A10) -> 5 | D10: Resolved | E10: =COUNTIF('ISSUE TRACKING'!$M$5:$M$204,D10) -> 3
A11: Low | B11: =COUNTIF('ISSUE TRACKING'!$F$5:$F$204,A11) -> 1 | D11: Retest | E11: =COUNTIF('ISSUE TRACKING'!$M$5:$M$204,D11) -> 0
D12: Closed | E12: =COUNTIF('ISSUE TRACKING'!$M$5:$M$204,D12) -> 7
D13: Reopen | E13: =COUNTIF('ISSUE TRACKING'!$M$5:$M$204,D13) -> 0

Sheet MASTER DATA
A1: Loại Issue | B1: Mức độ | C1: Trạng thái | D1: Kết quả Retest | F1: HƯỚNG DẪN
A2: Bug | B2: Critical | C2: Open | D2: Pending | F2: Chỉnh sửa danh sách dropdown tại các cột A:D nếu cần.
A3: UI/UX | B3: High | C3: In Progress | D3: Pass
A4: Logic | B4: Medium | C4: Resolved | D4: Fail
A5: Validation | B5: Low | C5: Retest | D5: N/A
A6: Performance | C6: Closed
A7: Data | C7: Reopen
A8: Enhancement
A9: Requirement
